{
  "version": 1,
  "author": "Kelvin Kiriinya",
  "editor": "wokwi",
  "parts": [
    { "type": "board-esp32-devkit-c-v4", "id": "esp", "top": 0, "left": 72.04, "attrs": {} },
    {
      "type": "wokwi-hc-sr04",
      "id": "ultrasonic1",
      "top": -17.7,
      "left": -176.9,
      "attrs": { "distance": "2" }
    },
    { "type": "wokwi-relay-module", "id": "relay1", "top": 163.4, "left": -96, "attrs": {} },
    { "type": "wokwi-gnd", "id": "gnd1", "top": 124.8, "left": -87, "attrs": {} },
    { "type": "wokwi-vcc", "id": "vcc1", "top": 115.96, "left": -144, "attrs": {} },
    { "type": "wokwi-vcc", "id": "vcc2", "top": -47.24, "left": 393.6, "attrs": {} },
    { "type": "wokwi-gnd", "id": "gnd2", "top": 211.2, "left": -173.4, "attrs": {} },
    { "type": "wokwi-vcc", "id": "vcc3", "top": -28.04, "left": -182.4, "attrs": {} },
    { "type": "wokwi-led", "id": "led1", "top": 15.6, "left": 272.6, "attrs": { "color": "red" } },
    {
      "type": "wokwi-led",
      "id": "led2",
      "top": 169.2,
      "left": 272.6,
      "attrs": { "color": "blue" }
    },
    {
      "type": "wokwi-led",
      "id": "led3",
      "top": 111.6,
      "left": 272.6,
      "attrs": { "color": "green" }
    },
    {
      "type": "wokwi-led",
      "id": "led4",
      "top": 63.6,
      "left": 272.6,
      "attrs": { "color": "yellow" }
    },
    {
      "type": "wokwi-resistor",
      "id": "r1",
      "top": 205.85,
      "left": 334.6,
      "attrs": { "value": "1000" }
    },
    {
      "type": "wokwi-resistor",
      "id": "r2",
      "top": 147.95,
      "left": 336,
      "attrs": { "value": "1000" }
    },
    {
      "type": "wokwi-resistor",
      "id": "r3",
      "top": 99.95,
      "left": 336,
      "attrs": { "value": "1000" }
    },
    {
      "type": "wokwi-resistor",
      "id": "r4",
      "top": 51.95,
      "left": 326.4,
      "attrs": { "value": "1000" }
    },
    {
      "type": "wokwi-lcd1602",
      "id": "lcd1",
      "top": -195.2,
      "left": 149.6,
      "attrs": { "pins": "i2c" }
    }
  ],
  "connections": [
    [ "esp:TX", "$serialMonitor:RX", "", [] ],
    [ "esp:RX", "$serialMonitor:TX", "", [] ],
    [ "ultrasonic1:ECHO", "esp:25", "green", [ "v0" ] ],
    [ "esp:26", "ultrasonic1:TRIG", "green", [ "h0" ] ],
    [ "relay1:IN", "esp:27", "green", [ "h0", "v28.6", "h153.6", "v-105.6" ] ],
    [ "ultrasonic1:GND", "gnd1:GND", "black", [ "v0" ] ],
    [ "relay1:COM", "gnd1:GND", "green", [ "h30", "v-1.4" ] ],
    [ "ultrasonic1:VCC", "vcc1:VCC", "red", [ "v0" ] ],
    [ "relay1:VCC", "vcc1:VCC", "red", [ "h-9.6", "v-38.4" ] ],
    [ "relay1:GND", "gnd2:GND", "black", [ "h0" ] ],
    [ "led4:C", "esp:19", "green", [ "v0" ] ],
    [ "led3:C", "esp:18", "green", [ "v0", "h-47.6", "v-38.4" ] ],
    [ "r1:1", "led2:A", "green", [ "v0" ] ],
    [ "r2:1", "led3:A", "green", [ "v0" ] ],
    [ "r3:1", "led4:A", "green", [ "v0" ] ],
    [ "r4:1", "led1:A", "green", [ "v0" ] ],
    [ "vcc2:VCC", "r4:2", "red", [ "v0" ] ],
    [ "r4:2", "r3:2", "green", [ "v9.6", "h8.4", "v9.6" ] ],
    [ "r3:2", "r2:2", "green", [ "v0" ] ],
    [ "r2:2", "r1:2", "green", [ "v0" ] ],
    [ "relay1:NO", "led2:C", "green", [ "h20.4", "v7.8" ] ],
    [ "lcd1:VCC", "esp:5V", "red", [ "h-86.4", "v355.3" ] ],
    [ "lcd1:SDA", "esp:21", "green", [ "h-19.2", "v115.4", "h57.6", "v105.6" ] ],
    [ "lcd1:SCL", "esp:22", "green", [ "h-9.6", "v125.1", "h38.4", "v57.6" ] ],
    [ "lcd1:GND", "esp:GND.2", "black", [ "h-19.2", "v153.6", "h38.4" ] ],
    [ "led1:C", "esp:23", "green", [ "v0", "h-28.4", "v-19.2" ] ]
  ],
  "dependencies": {}
}